{
  "version": 1,
  "author": "GreatMates",
  "editor": "wokwi",
  "parts": [
    { 
      "type": "wokwi-arduino-nano",  
      "id": "nano",
      "top": 0.6,
      "left": -0.6,
      "attrs": {} 
    },
    {
      "type": "wokwi-tm1637-7segment",
      "id": "sevseg1",
      "top": -124.84,
      "left": 7.03,
      "attrs": { "color": "red" }
    },
    { 
      "type": "wokwi-ds1307", 
      "id": "rtc1", 
      "top": 40.33, 
      "left": -129.63, 
      "attrs": {} 
    }
  ],
  "connections": [
    [ "sevseg1:CLK", "nano:2", "green", [ "h0" ] ],
    [ "sevseg1:DIO", "nano:3", "green", [ "h0" ] ],
    [ "nano:GND.1", "sevseg1:GND", "black", [ "v-28.2", "h76.5", "v-48" ] ],
    [ "nano:5V", "sevseg1:VCC", "red", [ "v19.1", "h119", "v-288" ] ],
    [ "rtc1:GND", "nano:GND.2", "black", [ "h0" ] ],
    [ "rtc1:5V", "nano:5V", "red", [ "h0" ] ],
    [ "rtc1:SDA", "nano:A4", "green", [ "h0" ] ],
    [ "rtc1:SCL", "nano:A5", "green", [ "h0" ] ]
  ],
  "dependencies": {}
}
